customer_id,age,gender,location,income,product_category,quantity,discount,previous_purchases,review_rating,purchase_frequency,purchase_amount,purchase_date
1,65,"Male","Toronto, Canada",94416,"Electronics",4,24,8,4.2,5,971.7,2024-03-06
2,34,"Female","Florida, USA",75057,"Electronics",3,4.4,7,4.4,4,1138.64,2024-07-01
2,34,"Female","Florida, USA",75057,"Home & Kitchen",1,15.6,8,4.4,5,184.24,2024-03-17
3,27,"Male","London, UK",61714,"Clothing",1,3.1,21,4.2,11,103.26,2024-10-12
3,27,"Male","London, UK",61714,"Home & Kitchen",1,23.7,20,4.6,11,122.39,2024-07-06
4,67,"Male","Paris, France",101050,"Electronics",7,14.3,8,3.8,5,2084.7,2024-04-28
4,67,"Male","Paris, France",101050,"Beauty",3,22.9,12,2.9,7,145.45,2024-06-21
5,67,"Other","Paris, France",101037,"Grocery",8,5.4,2,4.9,2,168.23,2024-06-12
6,26,"Female","Texas, USA",47060,"Beauty",2,24.8,25,4.2,13,44.8,2024-07-03
6,26,"Female","Texas, USA",47060,"Books",3,20.6,2,3.3,2,86.22,2024-01-16
7,23,"Male","Texas, USA",54804,"Grocery",1,28.9,14,3.2,8,40.5,2024-04-27
8,62,"Male","Tokyo, Japan",83463,"Books",5,7,25,4.2,13,165.54,2024-04-09
9,35,"Other","Texas, USA",53558,"Home & Kitchen",8,3.1,4,3.4,3,1241.51,2024-12-28
9,35,"Other","Texas, USA",53558,"Clothing",8,4.1,15,4.2,8,460.02,2024-08-28
10,51,"Other","Florida, USA",103162,"Home & Kitchen",5,8,11,4,6,750.78,2024-11-25
11,67,"Female","Texas, USA",93867,"Grocery",3,28.3,13,3.9,7,80.89,2024-05-08
11,67,"Female","Texas, USA",93867,"Beauty",3,27,23,2.8,12,128.36,2024-08-04
12,40,"Other","Florida, USA",64450,"Electronics",1,24.9,22,3.2,12,173.01,2024-05-19
13,26,"Male","London, UK",55960,"Sports",2,23.9,22,2.6,12,111.43,2024-02-12
13,26,"Male","London, UK",55960,"Books",3,8.7,21,3.6,11,37.3,2024-03-28
14,45,"Other","Tokyo, Japan",70013,"Home & Kitchen",5,10.4,6,3.5,4,403.06,2024-12-17
14,45,"Other","Tokyo, Japan",70013,"Beauty",1,14.1,16,4.7,9,70.76,2024-11-16
15,27,"Female","Tokyo, Japan",44254,"Books",1,27.1,14,4.9,8,28.06,2024-11-23
16,43,"Male","Toronto, Canada",92691,"Grocery",8,25,5,3.8,3,367.49,2024-08-08
16,43,"Male","Toronto, Canada",92691,"Home & Kitchen",2,14.6,7,2.9,4,236.09,2024-05-24
17,46,"Female","Tokyo, Japan",89126,"Sports",8,18.6,19,2.8,10,1010,2024-11-18
18,32,"Male","Berlin, Germany",70167,"Books",4,14.3,15,4.2,8,55.67,2024-08-19
18,32,"Male","Berlin, Germany",70167,"Home & Kitchen",3,14.7,4,4.1,3,357.83,2024-09-20
19,49,"Other","Toronto, Canada",76248,"Sports",1,1.4,1,3.8,1,124.52,2024-01-21
19,49,"Other","Toronto, Canada",76248,"Clothing",3,19.7,16,3.3,9,118.99,2024-12-08
20,63,"Other","Toronto, Canada",110751,"Home & Kitchen",3,14.9,5,2.6,3,274.95,2024-05-18
20,63,"Other","Toronto, Canada",110751,"Sports",8,27.8,18,4.7,10,685.43,2024-10-17
21,51,"Female","New York, USA",84062,"Beauty",1,29.3,18,3.2,10,49.6,2024-07-23
22,34,"Male","California, USA",66735,"Books",5,27.5,19,4.9,10,76.56,2024-06-25
22,34,"Male","California, USA",66735,"Beauty",2,21.2,10,3.1,6,129.08,2024-01-23
23,27,"Female","Florida, USA",75451,"Beauty",6,17.6,24,4.7,13,391.12,2024-12-05
24,18,"Female","California, USA",63283,"Home & Kitchen",2,19.7,19,3.2,10,165.1,2024-12-25
25,47,"Female","London, UK",76954,"Grocery",5,2.7,5,2.8,3,125.35,2024-06-11
26,24,"Other","New York, USA",67821,"Books",6,14.6,12,2.8,7,98.19,2024-02-08
26,24,"Other","New York, USA",67821,"Sports",6,11.2,20,4.2,11,790.47,2024-01-22
27,51,"Male","Berlin, Germany",89640,"Clothing",6,0.7,1,4.7,1,542.88,2024-07-14
27,51,"Male","Berlin, Germany",89640,"Beauty",7,2.8,5,2.9,3,541.86,2024-04-25
28,64,"Female","London, UK",110501,"Sports",2,7.6,15,4.2,8,276.68,2024-10-09
29,40,"Other","Paris, France",64152,"Clothing",8,1.1,16,4.9,9,699.88,2024-02-28
30,38,"Male","Florida, USA",59662,"Sports",2,28.4,7,4.3,4,109.73,2024-02-06
31,34,"Other","Toronto, Canada",70048,"Electronics",6,8.2,10,3.8,6,3178.28,2024-10-07
31,34,"Other","Toronto, Canada",70048,"Clothing",3,1.2,4,5,3,221.85,2024-09-04
32,44,"Male","London, UK",76549,"Sports",5,16.9,10,4.3,6,584.98,2024-06-21
32,44,"Male","London, UK",76549,"Grocery",4,16.9,22,5,12,157.33,2024-05-13
33,32,"Male","New York, USA",65522,"Clothing",3,27.1,19,2.6,10,122.75,2024-08-23
34,24,"Female","Paris, France",39134,"Books",3,16.1,13,3.7,7,42.52,2024-09-10
35,54,"Male","Florida, USA",74409,"Beauty",6,5.5,13,3,7,265.08,2024-07-15
36,42,"Other","London, UK",74238,"Home & Kitchen",8,9.1,2,4.2,2,930.41,2024-05-15
37,57,"Male","California, USA",94344,"Electronics",5,21.1,3,4.5,2,2404.28,2024-12-27
38,28,"Other","California, USA",48558,"Books",8,29.9,13,3.1,7,94.41,2024-01-07
39,62,"Male","Sydney, Australia",100096,"Grocery",2,16.2,19,3.3,10,36.4,2024-08-25
40,47,"Female","Berlin, Germany",73276,"Beauty",1,27.2,18,4.2,10,56.58,2024-05-16
40,47,"Female","Berlin, Germany",73276,"Books",6,17,22,3.7,12,158.69,2024-03-01
41,52,"Female","Sydney, Australia",77324,"Grocery",7,4.6,1,3.7,1,345.71,2024-02-14
41,52,"Female","Sydney, Australia",77324,"Home & Kitchen",2,8,21,3.4,11,335.82,2024-12-26
42,45,"Male","Texas, USA",68358,"Clothing",8,13,13,3.3,7,592.48,2024-05-16
42,45,"Male","Texas, USA",68358,"Books",1,19.5,5,2.9,3,24.3,2024-04-01
43,18,"Other","London, UK",55751,"Home & Kitchen",3,29.2,12,3.5,7,248.98,2024-01-04
44,38,"Female","Tokyo, Japan",79917,"Beauty",8,2.3,2,3.8,2,626.81,2024-03-04
45,58,"Male","Berlin, Germany",107271,"Grocery",7,28.7,9,3.9,5,106.8,2024-01-07
45,58,"Male","Berlin, Germany",107271,"Grocery",3,26.5,16,3.1,9,111.68,2024-02-22
46,49,"Male","New York, USA",77475,"Books",4,29.3,23,4.2,12,81.78,2024-02-15
46,49,"Male","New York, USA",77475,"Grocery",4,10.5,24,4.3,13,187.92,2024-04-06
47,42,"Male","Toronto, Canada",90999,"Grocery",5,7.2,19,3.9,10,191.24,2024-11-27
47,42,"Male","Toronto, Canada",90999,"Clothing",1,20.8,5,4.4,3,79.8,2024-02-26
48,49,"Male","Berlin, Germany",91410,"Grocery",4,29.3,21,3.3,11,128.95,2024-03-03
48,49,"Male","Berlin, Germany",91410,"Grocery",7,29.2,7,4.5,4,122.18,2024-01-24
49,45,"Female","Florida, USA",73299,"Grocery",2,27.3,25,2.7,13,26.42,2024-06-01
50,66,"Other","Tokyo, Japan",90837,"Sports",4,8.6,12,4.4,7,304.82,2024-01-22
51,41,"Male","Toronto, Canada",82661,"Beauty",4,1.6,21,4.5,11,331.33,2024-10-03
52,27,"Female","Toronto, Canada",74279,"Grocery",7,16.3,8,3.8,5,207.81,2024-12-04
52,27,"Female","Toronto, Canada",74279,"Home & Kitchen",3,6.9,13,3.8,7,335.54,2024-10-22
53,38,"Other","Texas, USA",54981,"Clothing",1,26.4,4,3.3,3,31.93,2024-08-13
54,56,"Other","Sydney, Australia",100429,"Electronics",1,22.7,5,2.6,3,230.41,2024-10-25
55,51,"Other","Paris, France",76517,"Home & Kitchen",2,9.1,25,3.1,13,343.85,2024-04-02
56,55,"Female","Tokyo, Japan",92207,"Electronics",7,21.8,16,3.9,9,2810.14,2024-05-14
56,55,"Female","Tokyo, Japan",92207,"Electronics",8,5.9,10,3.1,6,2381.45,2024-07-08
57,53,"Other","New York, USA",74935,"Clothing",4,21.5,6,2.9,4,233.42,2024-09-04
58,45,"Male","Paris, France",77076,"Clothing",5,28,8,4.8,5,407.57,2024-09-17
59,66,"Male","New York, USA",104921,"Clothing",1,3.8,12,3.1,7,85.29,2024-12-16
59,66,"Male","New York, USA",104921,"Books",8,6,6,3.8,4,220.6,2024-04-09
60,63,"Other","New York, USA",106565,"Electronics",5,24.1,12,3.1,7,1230.56,2024-01-26
60,63,"Other","New York, USA",106565,"Electronics",5,3,22,2.9,12,2686.43,2024-12-05
61,53,"Female","Texas, USA",97400,"Sports",1,20.6,17,3.5,9,100.86,2024-02-24
62,65,"Female","New York, USA",91989,"Books",3,18.8,20,3.9,11,112.13,2024-01-20
62,65,"Female","New York, USA",91989,"Grocery",6,21.7,8,2.6,5,131.72,2024-08-02
63,41,"Male","Florida, USA",86745,"Books",6,2.1,5,4.8,3,119.57,2024-01-13
64,55,"Other","Toronto, Canada",89797,"Beauty",2,22.2,9,4.7,5,49.16,2024-08-16
64,55,"Other","Toronto, Canada",89797,"Clothing",1,12.9,11,2.5,6,40.84,2024-01-20
65,64,"Other","Berlin, Germany",103069,"Beauty",1,14.4,19,4.8,10,39.05,2024-11-22
65,64,"Other","Berlin, Germany",103069,"Electronics",8,4.8,9,3.5,5,1675.51,2024-05-19
66,39,"Female","Berlin, Germany",89122,"Grocery",4,26.2,11,4.1,6,128.83,2024-10-26
67,24,"Other","Tokyo, Japan",66147,"Home & Kitchen",8,14.4,11,4.6,6,1389.94,2024-07-23
68,66,"Other","Sydney, Australia",120030,"Books",7,21.4,23,3.7,12,252.4,2024-11-01
69,33,"Other","Berlin, Germany",65519,"Sports",5,26.3,16,3.2,9,349.17,2024-04-04
70,44,"Female","California, USA",94025,"Electronics",5,10.1,18,3.8,10,1121.47,2024-06-06
71,39,"Male","Texas, USA",73809,"Sports",4,17.6,11,4.1,6,436.06,2024-07-21
71,39,"Male","Texas, USA",73809,"Electronics",7,6.2,6,4.5,4,3095.77,2024-06-25
72,41,"Other","New York, USA",87408,"Clothing",5,3.9,9,3,5,461.69,2024-09-06
72,41,"Other","New York, USA",87408,"Beauty",3,2.2,23,3.6,12,205.45,2024-11-03
73,65,"Female","California, USA",113112,"Clothing",3,15.4,14,3.2,8,279.68,2024-01-23
73,65,"Female","California, USA",113112,"Electronics",1,17.1,10,4.5,6,192.9,2024-08-20
74,55,"Female","Sydney, Australia",90713,"Clothing",6,26.4,23,2.5,12,507.82,2024-08-25
75,31,"Other","Berlin, Germany",72469,"Home & Kitchen",7,26.8,14,3.3,8,1061.83,2024-05-14
76,42,"Female","Texas, USA",65411,"Sports",7,7.4,13,4.1,7,693.3,2024-08-17
77,51,"Male","London, UK",85197,"Sports",1,13.4,6,4.4,4,47,2024-04-11
77,51,"Male","London, UK",85197,"Clothing",4,29.5,3,2.6,2,153.56,2024-01-09
78,55,"Female","Berlin, Germany",105835,"Beauty",6,21.1,23,3.5,12,355.49,2024-01-09
79,30,"Female","Tokyo, Japan",77008,"Clothing",4,4.8,10,3.3,6,171.12,2024-10-28
80,32,"Other","London, UK",63486,"Sports",4,13.6,23,4.1,12,271.65,2024-08-12
81,60,"Other","London, UK",90135,"Sports",3,20.5,7,4.4,4,352.76,2024-10-23
81,60,"Other","London, UK",90135,"Sports",8,8.7,6,2.8,4,753.76,2024-04-15
82,18,"Male","Paris, France",38905,"Sports",8,14.1,10,3.7,6,926,2024-10-21
82,18,"Male","Paris, France",38905,"Clothing",7,23.8,8,3.2,5,559.63,2024-04-04
83,64,"Other","Florida, USA",103282,"Sports",3,28.4,17,4.4,9,137.43,2024-06-19
84,65,"Other","Florida, USA",105595,"Books",2,2,7,4.5,4,74.02,2024-08-18
84,65,"Other","Florida, USA",105595,"Beauty",5,22.3,14,4.6,8,237.18,2024-09-20
85,57,"Other","Paris, France",111083,"Sports",2,18.5,14,4.1,8,245.77,2024-01-02
86,43,"Male","London, UK",61633,"Clothing",4,0.1,10,3.9,6,180.27,2024-10-26
86,43,"Male","London, UK",61633,"Clothing",5,23.6,20,2.8,11,401.65,2024-10-28
87,31,"Female","Tokyo, Japan",49844,"Sports",8,23.4,7,3.1,4,334.56,2024-04-10
87,31,"Female","Tokyo, Japan",49844,"Books",2,1.8,21,3.8,11,32.39,2024-10-26
88,19,"Female","London, UK",52700,"Beauty",7,11.9,2,2.6,2,380.53,2024-11-13
88,19,"Female","London, UK",52700,"Sports",7,25.4,17,3.6,9,714.64,2024-03-21
89,20,"Female","Texas, USA",34162,"Home & Kitchen",5,20.1,13,2.9,7,701.55,2024-12-04
90,67,"Female","Sydney, Australia",117246,"Home & Kitchen",2,25.6,24,4.4,13,320.38,2024-09-01
91,35,"Other","Berlin, Germany",61700,"Home & Kitchen",6,18,3,4.8,2,828.33,2024-06-07
91,35,"Other","Berlin, Germany",61700,"Beauty",1,5.4,11,4.2,6,47.75,2024-11-05
92,52,"Male","New York, USA",92308,"Electronics",3,20,11,3.5,6,775.57,2024-01-08
93,18,"Female","Sydney, Australia",36413,"Home & Kitchen",7,12.5,15,3.2,8,1087.59,2024-09-06
93,18,"Female","Sydney, Australia",36413,"Sports",6,22.2,10,2.6,6,240.3,2024-06-10
94,36,"Female","London, UK",83873,"Clothing",1,28.8,24,4.8,13,65.89,2024-11-19
94,36,"Female","London, UK",83873,"Grocery",5,9.5,23,4.2,12,137.37,2024-03-15
95,56,"Male","California, USA",75823,"Grocery",2,26.5,22,3.2,12,44.51,2024-01-05
96,39,"Female","Berlin, Germany",58721,"Grocery",1,4.1,13,4.6,7,27.25,2024-10-09
97,42,"Female","Paris, France",87463,"Beauty",7,18.3,10,3,6,422.34,2024-06-04
98,64,"Other","California, USA",97046,"Home & Kitchen",7,13.2,5,4.2,3,697.15,2024-01-24
98,64,"Other","California, USA",97046,"Sports",3,6.8,12,3.8,7,317.04,2024-08-13
99,34,"Other","New York, USA",73610,"Beauty",5,1.1,19,4.2,10,165.23,2024-02-26
100,66,"Other","London, UK",95434,"Electronics",6,20.1,17,2.9,9,2330.17,2024-06-06
100,66,"Other","London, UK",95434,"Beauty",8,8.1,15,4.3,8,491.37,2024-03-10
101,49,"Other","Florida, USA",92750,"Beauty",5,28.1,16,4.5,9,290.87,2024-06-15
101,49,"Other","Florida, USA",92750,"Electronics",6,11.4,25,2.8,13,2249.44,2024-06-13
102,51,"Female","California, USA",87961,"Clothing",1,24.7,25,4.3,13,43.12,2024-10-15
102,51,"Female","California, USA",87961,"Home & Kitchen",8,0.7,20,4.8,11,705.71,2024-04-01
103,54,"Female","Berlin, Germany",77785,"Beauty",4,13,14,3,8,186.48,2024-02-27
103,54,"Female","Berlin, Germany",77785,"Clothing",8,15.7,25,3,13,340.13,2024-05-12
104,37,"Female","Texas, USA",74341,"Home & Kitchen",2,12.3,23,2.9,12,312.89,2024-08-08
105,26,"Male","New York, USA",45611,"Home & Kitchen",6,16.2,17,2.6,9,925.43,2024-11-24
105,26,"Male","New York, USA",45611,"Beauty",5,10.9,20,2.6,11,139.01,2024-04-10
106,62,"Female","Toronto, Canada",95058,"Home & Kitchen",6,8.8,9,3.2,5,1163.75,2024-08-25
106,62,"Female","Toronto, Canada",95058,"Home & Kitchen",6,1.5,12,2.6,7,518.58,2024-11-26
107,42,"Other","Sydney, Australia",74443,"Books",3,29.2,25,4.6,13,46.04,2024-08-25
108,42,"Female","Berlin, Germany",92873,"Clothing",7,7.8,4,4,3,475.32,2024-05-05
109,55,"Other","Paris, France",85650,"Home & Kitchen",8,6.3,3,3.8,2,1436.5,2024-01-14
109,55,"Other","Paris, France",85650,"Beauty",7,7.3,8,3.1,5,503.27,2024-12-18
110,44,"Other","Tokyo, Japan",82582,"Electronics",5,11.7,9,4.7,5,1744.84,2024-05-08
111,53,"Male","Toronto, Canada",90379,"Clothing",2,24.1,4,3.4,3,125.38,2024-11-11
112,24,"Female","Tokyo, Japan",56680,"Home & Kitchen",4,22.9,5,4.7,3,249.02,2024-05-17
113,26,"Female","Paris, France",70481,"Books",6,29.4,4,4.3,3,98.11,2024-07-14
114,34,"Other","New York, USA",78643,"Sports",5,12,25,3.9,13,298.26,2024-06-07
114,34,"Other","New York, USA",78643,"Beauty",4,13.5,14,4.4,8,245.59,2024-06-27
115,42,"Other","London, UK",72244,"Books",5,1.9,24,4,13,150.4,2024-06-04
115,42,"Other","London, UK",72244,"Sports",3,9.1,21,3.4,11,204.74,2024-11-17
116,35,"Female","California, USA",78743,"Grocery",4,25.2,21,3.6,11,126.97,2024-03-05
117,40,"Female","London, UK",79537,"Home & Kitchen",1,11.4,12,3.7,7,162.2,2024-02-15
117,40,"Female","London, UK",79537,"Sports",4,20.2,14,2.9,8,308.94,2024-10-22
118,64,"Male","Texas, USA",99354,"Clothing",4,8.2,18,4.1,10,258.1,2024-12-01
118,64,"Male","Texas, USA",99354,"Electronics",7,2,3,3.5,2,3203.71,2024-04-20
119,22,"Male","Toronto, Canada",61840,"Grocery",4,15.5,13,3.5,7,168.33,2024-09-17
120,26,"Other","Toronto, Canada",69465,"Sports",4,23,7,4.6,4,430.74,2024-01-02
121,20,"Other","Florida, USA",49762,"Books",1,27.8,9,3.8,5,27.96,2024-02-17
122,64,"Female","Florida, USA",110181,"Clothing",4,12,6,3.5,4,360.77,2024-02-19
122,64,"Female","Florida, USA",110181,"Electronics",3,1.2,6,4.3,4,1462.8,2024-04-03
123,18,"Female","Paris, France",41414,"Books",3,20,19,3.5,10,89.03,2024-04-04
124,26,"Other","California, USA",62168,"Grocery",5,21.7,20,4.6,11,138.27,2024-01-05
124,26,"Other","California, USA",62168,"Electronics",5,19,8,4.2,5,1096.05,2024-07-06
125,40,"Other","Berlin, Germany",72752,"Clothing",3,22.9,3,3.7,2,124.3,2024-01-17
126,64,"Male","Berlin, Germany",120068,"Grocery",6,4,17,3,9,265.11,2024-11-26
127,20,"Male","New York, USA",62722,"Home & Kitchen",2,29.1,10,4.4,6,153.24,2024-05-25
127,20,"Male","New York, USA",62722,"Beauty",4,29.7,11,4,6,231.94,2024-11-07
128,65,"Other","Sydney, Australia",118634,"Clothing",3,18.3,19,2.6,10,294.09,2024-08-25
129,57,"Other","Tokyo, Japan",103626,"Sports",3,14.6,10,3.4,6,191.68,2024-09-24
130,23,"Male","New York, USA",43998,"Sports",5,20.6,10,2.9,6,416.13,2024-01-06
130,23,"Male","New York, USA",43998,"Clothing",6,3.3,12,4.9,7,451.47,2024-03-09
131,61,"Female","Berlin, Germany",90568,"Grocery",6,6.3,6,3.5,4,251.57,2024-04-21
132,27,"Other","Tokyo, Japan",74246,"Grocery",2,13.5,15,3.7,8,87.03,2024-12-23
133,54,"Male","Sydney, Australia",80181,"Electronics",2,14.6,25,4.2,13,486.06,2024-12-09
133,54,"Male","Sydney, Australia",80181,"Grocery",5,1.9,12,3.9,7,260.43,2024-01-01
134,32,"Male","London, UK",57552,"Home & Kitchen",2,27.9,19,3.5,10,202.29,2024-07-17
135,32,"Male","New York, USA",57457,"Beauty",1,23.4,10,3,6,40.85,2024-04-05
136,48,"Other","Berlin, Germany",87537,"Sports",8,21.2,13,4.2,7,534.36,2024-02-22
136,48,"Other","Berlin, Germany",87537,"Books",8,14.5,7,2.7,4,236.33,2024-02-04
137,64,"Other","California, USA",86420,"Books",6,5.2,6,2.7,4,135.57,2024-10-23
137,64,"Other","California, USA",86420,"Electronics",8,20.6,6,3.1,4,3009.87,2024-11-28
138,28,"Other","Berlin, Germany",49523,"Home & Kitchen",2,24,1,4.7,1,149.17,2024-05-25
139,20,"Male","London, UK",38769,"Books",7,7.9,24,3.5,13,92.09,2024-03-11
140,52,"Female","Paris, France",88197,"Books",7,17.8,6,3.1,4,99.12,2024-12-26
141,46,"Female","California, USA",76843,"Books",3,7.9,23,2.5,12,80.3,2024-02-20
142,44,"Other","Toronto, Canada",70204,"Home & Kitchen",7,1.9,24,4.5,13,1062.67,2024-10-04
143,43,"Female","Paris, France",80585,"Grocery",2,8.1,20,4.7,11,60.37,2024-11-04
143,43,"Female","Paris, France",80585,"Clothing",5,14.8,9,4.6,5,402.44,2024-11-15
144,25,"Female","California, USA",52066,"Sports",1,28.8,20,2.5,11,85.4,2024-05-14
144,25,"Female","California, USA",52066,"Clothing",7,15.3,1,3.1,1,353.15,2024-01-18
145,28,"Other","Tokyo, Japan",67017,"Home & Kitchen",7,20.6,11,3.9,6,641.72,2024-06-15
145,28,"Other","Tokyo, Japan",67017,"Books",1,17.4,21,2.7,11,21.06,2024-04-08
146,59,"Female","Tokyo, Japan",81782,"Books",6,8.7,17,3.2,9,254.46,2024-05-09
146,59,"Female","Tokyo, Japan",81782,"Grocery",4,21.9,18,3.1,10,80.75,2024-11-20
147,57,"Female","New York, USA",80495,"Books",5,4.6,22,4.9,12,193.97,2024-08-20
147,57,"Female","New York, USA",80495,"Sports",6,17.8,13,4.3,7,632.73,2024-03-08
148,56,"Female","New York, USA",105932,"Beauty",5,20.1,5,4.4,3,360.24,2024-04-16
149,31,"Other","London, UK",59527,"Home & Kitchen",2,10.1,4,3.8,3,337.29,2024-12-16
150,64,"Other","Florida, USA",88544,"Sports",4,4.7,15,5,8,471.71,2024-03-12
151,48,"Male","Texas, USA",78726,"Books",7,1,25,4.9,13,202.81,2024-10-17
152,26,"Other","New York, USA",65606,"Sports",5,22.7,18,4.3,10,337.03,2024-08-19
152,26,"Other","New York, USA",65606,"Grocery",2,21.4,13,4.2,7,76.65,2024-03-06
153,37,"Other","Toronto, Canada",60795,"Clothing",3,27.1,20,3.3,11,152.12,2024-03-15
154,32,"Male","Paris, France",48343,"Sports",2,20.7,20,5,11,202.13,2024-12-08
154,32,"Male","Paris, France",48343,"Books",5,18.7,22,3.2,12,147.78,2024-02-23
155,44,"Female","London, UK",65433,"Beauty",4,7.1,12,2.8,7,155.38,2024-10-02
155,44,"Female","London, UK",65433,"Beauty",1,15.6,22,3.3,12,51.32,2024-10-27
156,28,"Other","Florida, USA",50606,"Beauty",7,16.1,13,2.9,7,324.05,2024-11-19
156,28,"Other","Florida, USA",50606,"Electronics",3,14.9,20,3.1,11,1191.5,2024-12-28
157,26,"Other","London, UK",51379,"Clothing",5,24.1,22,3.7,12,160.06,2024-09-17
158,53,"Male","Paris, France",80587,"Beauty",5,2.8,25,4.4,13,406.3,2024-04-09
158,53,"Male","Paris, France",80587,"Books",6,3.4,12,3,7,210.41,2024-02-19
159,28,"Female","Berlin, Germany",75773,"Books",2,2.2,20,4.8,11,76.09,2024-01-03
159,28,"Female","Berlin, Germany",75773,"Clothing",3,21.5,3,5,2,151.25,2024-02-17
160,44,"Other","New York, USA",92596,"Electronics",8,7.2,20,3,11,2775.86,2024-09-15
160,44,"Other","New York, USA",92596,"Clothing",3,26.3,22,2.7,12,182.71,2024-02-06
161,60,"Other","California, USA",108445,"Sports",3,2.7,2,4.9,2,457.31,2024-03-16
161,60,"Other","California, USA",108445,"Home & Kitchen",4,18.9,12,3.9,7,504.86,2024-10-16
162,45,"Female","London, UK",86171,"Electronics",2,9.6,24,4.1,13,749.85,2024-06-13
163,26,"Female","Berlin, Germany",52194,"Clothing",8,29.5,20,3.2,11,569.53,2024-05-16
163,26,"Female","Berlin, Germany",52194,"Grocery",5,21.4,24,3.1,13,193.15,2024-11-22
164,23,"Other","New York, USA",66047,"Books",5,20.3,21,3.2,11,134.38,2024-04-27
164,23,"Other","New York, USA",66047,"Electronics",6,11.4,5,3.1,3,1554.74,2024-09-10
165,20,"Male","California, USA",60448,"Books",7,1.9,3,3.1,2,264.06,2024-07-11
166,21,"Male","New York, USA",43725,"Books",6,14.1,16,3.9,9,165.38,2024-04-24
166,21,"Male","New York, USA",43725,"Sports",4,11.9,5,3.8,3,261.83,2024-01-13
167,20,"Female","Sydney, Australia",32965,"Home & Kitchen",2,29.1,7,4.4,4,194.43,2024-07-01
168,36,"Other","Berlin, Germany",71521,"Clothing",5,16.4,4,3.6,3,195.02,2024-11-02
168,36,"Other","Berlin, Germany",71521,"Beauty",5,4.8,25,3.2,13,205.82,2024-04-17
169,22,"Female","London, UK",47561,"Beauty",8,1.9,22,2.8,12,552.05,2024-11-27
169,22,"Female","London, UK",47561,"Beauty",1,27.9,9,4.3,5,39.51,2024-04-06
170,55,"Female","London, UK",94755,"Books",3,3.5,13,3.8,7,90.64,2024-12-26
171,25,"Other","Paris, France",48419,"Clothing",7,11.6,24,3.8,13,554.47,2024-03-10
172,67,"Male","New York, USA",96782,"Beauty",1,24.8,2,3.8,2,29.9,2024-01-12
172,67,"Male","New York, USA",96782,"Sports",5,5.9,11,3.1,6,706.82,2024-11-12
173,35,"Female","Toronto, Canada",65869,"Clothing",4,12.1,15,3.6,8,315.32,2024-12-03
173,35,"Female","Toronto, Canada",65869,"Beauty",3,18.4,11,4.8,6,133.03,2024-09-13
174,56,"Other","Toronto, Canada",110315,"Grocery",6,9.9,7,3.3,4,347.89,2024-12-11
174,56,"Other","Toronto, Canada",110315,"Sports",8,2.6,11,2.9,6,935.91,2024-11-01
175,42,"Male","Tokyo, Japan",61200,"Sports",1,24,6,4,4,91.36,2024-02-14
175,42,"Male","Tokyo, Japan",61200,"Home & Kitchen",2,26.4,13,4.5,7,266.52,2024-02-18
176,39,"Other","Florida, USA",79773,"Grocery",5,11.2,1,4.9,1,95.02,2024-05-26
176,39,"Other","Florida, USA",79773,"Electronics",6,2.8,10,3.1,6,3082.66,2024-06-06
177,39,"Male","Texas, USA",66735,"Books",4,8.8,13,3.1,7,70.49,2024-02-26
177,39,"Male","Texas, USA",66735,"Sports",3,6.7,11,2.9,6,395.05,2024-08-23
178,56,"Other","Berlin, Germany",89270,"Books",7,8.5,24,5,13,182.36,2024-01-13
179,20,"Female","London, UK",45681,"Electronics",8,14.4,18,4.8,10,2204.62,2024-04-01
180,20,"Male","Florida, USA",42445,"Home & Kitchen",1,27.1,9,4.9,5,127.49,2024-02-03
181,31,"Other","Texas, USA",73732,"Clothing",6,3.3,20,3.4,11,553.52,2024-05-21
181,31,"Other","Texas, USA",73732,"Grocery",5,7.4,10,3.9,6,281.45,2024-02-21
182,33,"Other","New York, USA",56774,"Home & Kitchen",7,25.8,5,3.6,3,822.07,2024-04-21
182,33,"Other","New York, USA",56774,"Home & Kitchen",1,10.4,19,3.1,10,146.26,2024-04-15
183,20,"Other","Berlin, Germany",37954,"Electronics",8,23.7,2,4.4,2,3451.26,2024-03-28
184,38,"Other","Toronto, Canada",68396,"Electronics",6,28,15,4.5,8,1841.54,2024-10-02
185,67,"Male","New York, USA",95465,"Clothing",3,25.1,2,3.6,2,180.37,2024-07-28
185,67,"Male","New York, USA",95465,"Beauty",5,2.2,4,5,3,195.07,2024-09-20
186,21,"Female","Florida, USA",61176,"Grocery",3,4.7,8,3.5,5,133.24,2024-02-04
187,35,"Other","California, USA",78191,"Electronics",7,5.4,25,3.8,13,2634.96,2024-03-25
188,49,"Female","Toronto, Canada",95074,"Electronics",1,5.3,3,3.5,2,532,2024-03-17
188,49,"Female","Toronto, Canada",95074,"Grocery",7,11.1,13,4.9,7,374.65,2024-08-03
189,24,"Female","London, UK",37544,"Clothing",3,23.4,17,4.6,9,227.14,2024-09-26
190,25,"Female","Sydney, Australia",57069,"Clothing",3,13.8,16,4.6,9,199.21,2024-12-03
190,25,"Female","Sydney, Australia",57069,"Clothing",3,11.5,17,4.7,9,141.2,2024-08-21
191,65,"Female","Paris, France",102252,"Beauty",6,18.4,25,4.1,13,340.35,2024-05-06
192,21,"Female","Paris, France",35831,"Sports",6,13.9,12,4.8,7,297.19,2024-04-19
193,45,"Male","Paris, France",85105,"Sports",8,7.9,16,4.9,9,1111.28,2024-03-06
194,43,"Other","New York, USA",68364,"Electronics",4,4.9,22,3.9,12,2209.87,2024-11-02
195,44,"Male","Toronto, Canada",83221,"Sports",4,10.2,20,3,11,207.3,2024-12-18
196,48,"Male","California, USA",67259,"Sports",5,19.3,25,4.9,13,567.47,2024-07-10
197,42,"Female","Sydney, Australia",78291,"Home & Kitchen",4,9.3,7,4.7,4,567.01,2024-03-01
198,59,"Female","Florida, USA",106734,"Sports",6,15.1,18,3,10,662.27,2024-11-02
198,59,"Female","Florida, USA",106734,"Electronics",1,13.9,22,3.6,12,453.58,2024-03-02
199,48,"Male","California, USA",100489,"Home & Kitchen",2,1.6,9,3.5,5,187.61,2024-06-20
200,25,"Female","California, USA",61148,"Beauty",1,20.8,6,3.6,4,61.02,2024-03-01
200,25,"Female","California, USA",61148,"Books",8,10.8,18,5,10,278.76,2024-11-25
201,64,"Other","Texas, USA",86444,"Sports",3,14.7,4,4.9,3,181.08,2024-11-23
201,64,"Other","Texas, USA",86444,"Clothing",2,1.7,3,3.5,2,145.24,2024-07-27
202,62,"Female","Florida, USA",86788,"Books",4,9.4,6,3.4,4,153.21,2024-08-02
202,62,"Female","Florida, USA",86788,"Sports",8,13.3,17,2.6,9,1053.06,2024-11-17
203,50,"Other","Texas, USA",97772,"Sports",3,22.4,17,3.8,9,284.42,2024-07-20
203,50,"Other","Texas, USA",97772,"Grocery",4,27,18,3.7,10,59.01,2024-02-10
204,33,"Female","New York, USA",55321,"Electronics",2,3,5,4.6,3,420.57,2024-05-08
205,68,"Other","Florida, USA",93169,"Sports",4,6.8,9,3.8,5,567.96,2024-02-05
205,68,"Other","Florida, USA",93169,"Books",8,28.3,9,2.6,5,207.67,2024-03-01
206,63,"Other","New York, USA",84724,"Clothing",6,25.5,9,4.5,5,493.8,2024-11-10
206,63,"Other","New York, USA",84724,"Books",6,29.8,25,4.4,13,95.92,2024-04-16
207,20,"Female","Toronto, Canada",50059,"Home & Kitchen",2,10.7,11,2.6,6,255.51,2024-09-07
208,19,"Male","London, UK",46945,"Sports",3,27.1,6,3,4,123.56,2024-12-09
209,47,"Male","Tokyo, Japan",80569,"Sports",8,26.9,23,4.3,12,631.37,2024-08-21
210,58,"Female","Florida, USA",94305,"Sports",4,9.2,12,3.7,7,503.97,2024-08-21
210,58,"Female","Florida, USA",94305,"Home & Kitchen",1,21.2,8,2.8,5,136.12,2024-03-05
211,68,"Male","Florida, USA",123038,"Books",3,22.4,8,3.1,5,45.43,2024-05-12
212,24,"Female","Florida, USA",45487,"Electronics",2,22.2,23,4.9,12,374.31,2024-10-04
212,24,"Female","Florida, USA",45487,"Sports",7,1.5,6,3.8,4,741.6,2024-11-15
213,39,"Female","Texas, USA",62139,"Books",3,23.9,2,4,2,58.85,2024-11-19
214,37,"Male","Berlin, Germany",58304,"Grocery",1,15.4,13,4.5,7,50.52,2024-12-12
214,37,"Male","Berlin, Germany",58304,"Grocery",8,16.7,13,3.4,7,234.79,2024-07-23
215,51,"Other","Paris, France",98293,"Electronics",1,10.7,11,3.8,6,224.09,2024-02-18
215,51,"Other","Paris, France",98293,"Grocery",5,6.3,5,2.8,3,110.49,2024-11-25
216,59,"Female","Texas, USA",110219,"Beauty",6,24.1,9,4.8,5,377.61,2024-04-03
217,24,"Male","Tokyo, Japan",60988,"Home & Kitchen",1,11.8,25,2.5,13,80.13,2024-11-20
217,24,"Male","Tokyo, Japan",60988,"Beauty",6,18.8,5,2.9,3,201.71,2024-12-09
218,20,"Other","California, USA",54309,"Clothing",2,4.6,12,3.5,7,204.97,2024-06-16
219,32,"Other","Tokyo, Japan",61147,"Electronics",5,13.2,1,3.8,1,2426.8,2024-05-11
220,53,"Other","Sydney, Australia",84680,"Sports",1,12.6,24,3.9,13,112.81,2024-11-17
221,44,"Female","Sydney, Australia",61320,"Grocery",1,21.9,22,4.6,12,18.86,2024-07-16
221,44,"Female","Sydney, Australia",61320,"Books",7,29,4,3.1,3,94.05,2024-08-16
222,64,"Other","Sydney, Australia",112371,"Grocery",7,26.9,20,3,11,162.25,2024-11-15
222,64,"Other","Sydney, Australia",112371,"Sports",4,4.8,15,3.9,8,372.55,2024-05-01
223,60,"Male","Berlin, Germany",111609,"Sports",3,21.5,13,2.7,7,181.24,2024-05-18
224,18,"Male","Texas, USA",56959,"Home & Kitchen",3,13.4,14,2.7,8,537.86,2024-05-28
225,34,"Male","Toronto, Canada",68037,"Grocery",1,6.5,19,4.6,10,48.35,2024-06-09
226,63,"Other","Berlin, Germany",115377,"Sports",8,2.5,13,2.8,7,892.81,2024-08-16
227,43,"Female","Berlin, Germany",67543,"Sports",2,4.7,10,4.9,6,164.77,2024-06-19
228,34,"Other","Tokyo, Japan",56919,"Grocery",3,23.7,14,4.8,8,132.77,2024-07-08
229,39,"Male","Texas, USA",60238,"Home & Kitchen",3,26.9,1,3.7,1,413.2,2024-06-05
229,39,"Male","Texas, USA",60238,"Home & Kitchen",5,2.3,23,4.5,12,910.48,2024-04-22
230,23,"Other","Texas, USA",52433,"Sports",6,9.4,8,3.5,5,490.72,2024-04-18
231,56,"Male","Toronto, Canada",89928,"Grocery",1,20.7,4,3.3,3,47.75,2024-09-27
231,56,"Male","Toronto, Canada",89928,"Home & Kitchen",3,10.5,23,2.6,12,519.57,2024-04-08
232,61,"Female","Paris, France",96139,"Books",2,19.2,25,3.7,13,69.97,2024-09-10
233,32,"Male","Paris, France",64620,"Books",1,11.9,9,4.8,5,32.49,2024-12-17
234,56,"Female","London, UK",84864,"Grocery",8,20.9,10,2.6,6,154.29,2024-11-08
234,56,"Female","London, UK",84864,"Grocery",2,15.6,22,4,12,31.88,2024-11-02
235,58,"Female","Tokyo, Japan",105384,"Clothing",7,11.3,17,3.2,9,697.28,2024-04-10
236,35,"Female","Sydney, Australia",77723,"Electronics",1,19.4,24,4.7,13,288.52,2024-11-27
236,35,"Female","Sydney, Australia",77723,"Clothing",1,29,13,4.2,7,65.25,2024-08-25
237,28,"Female","Florida, USA",49659,"Books",8,2.4,2,4.6,2,127.45,2024-02-18
238,41,"Female","Texas, USA",73701,"Clothing",4,11.3,6,4.8,4,272.25,2024-06-25
238,41,"Female","Texas, USA",73701,"Beauty",2,4.2,18,2.6,10,84.03,2024-05-23
239,41,"Other","New York, USA",92141,"Grocery",6,22.7,4,4.7,3,211.29,2024-05-01
240,55,"Female","London, UK",89432,"Books",4,16.2,4,2.5,3,49.43,2024-08-02
240,55,"Female","London, UK",89432,"Grocery",4,20,23,3.8,12,162.27,2024-12-20
241,38,"Other","Paris, France",81918,"Clothing",6,15.7,18,2.7,10,320.97,2024-03-26
241,38,"Other","Paris, France",81918,"Grocery",5,28.1,21,2.7,11,109.32,2024-07-22
242,63,"Male","Berlin, Germany",114657,"Sports",7,26.1,24,3.9,13,361.09,2024-10-10
243,58,"Male","Tokyo, Japan",108256,"Electronics",6,1.4,1,4.7,1,3245.61,2024-01-03
244,47,"Other","Tokyo, Japan",72627,"Electronics",8,11.9,20,2.7,11,1642.93,2024-10-13
245,26,"Male","New York, USA",59069,"Sports",8,28.4,18,4,10,346.1,2024-08-02
245,26,"Male","New York, USA",59069,"Home & Kitchen",7,18.4,10,3.2,6,986.54,2024-10-07
246,63,"Male","Paris, France",106416,"Grocery",3,3.2,3,4.4,2,80.02,2024-08-16
247,22,"Female","California, USA",62879,"Home & Kitchen",7,22.8,17,2.8,9,613.97,2024-08-11
248,56,"Other","London, UK",80290,"Electronics",7,4.9,24,2.6,13,3561.07,2024-02-16
249,66,"Female","Texas, USA",121469,"Sports",8,22.9,12,4.5,7,671.19,2024-04-13
250,27,"Male","Paris, France",71135,"Clothing",1,11.7,8,3.7,5,38,2024-06-01
251,35,"Female","Texas, USA",51428,"Sports",3,1.5,21,4.1,11,260.16,2024-10-04
251,35,"Female","Texas, USA",51428,"Books",1,5.9,19,3.1,10,19.8,2024-03-18
252,54,"Other","Florida, USA",85684,"Home & Kitchen",1,24.3,20,3.7,11,129.71,2024-10-05
252,54,"Other","Florida, USA",85684,"Sports",6,0.6,12,4.6,7,937.52,2024-01-06
253,60,"Other","Florida, USA",106335,"Clothing",3,11.1,25,4.6,13,217.59,2024-12-12
254,65,"Male","California, USA",96861,"Electronics",6,22.9,8,4.3,5,1671.79,2024-08-25
255,42,"Female","Florida, USA",75827,"Grocery",2,25.6,2,4.3,2,64.57,2024-05-22
255,42,"Female","Florida, USA",75827,"Books",3,23.5,20,4.8,11,99.54,2024-10-08
256,42,"Female","Toronto, Canada",73311,"Sports",5,14.8,22,4.4,12,300.71,2024-10-04
256,42,"Female","Toronto, Canada",73311,"Electronics",3,15.5,11,4.7,6,1535.01,2024-02-15
257,49,"Male","London, UK",76932,"Grocery",2,11.5,11,4.1,6,45.45,2024-11-01
258,40,"Female","New York, USA",75662,"Beauty",4,15.9,24,3.3,13,263.05,2024-03-02
258,40,"Female","New York, USA",75662,"Beauty",5,15.1,4,2.6,3,138.37,2024-08-18
259,52,"Female","California, USA",75143,"Grocery",3,28.8,7,4,4,61.16,2024-07-03
260,25,"Male","New York, USA",62335,"Electronics",6,24.8,13,4.1,7,1671.27,2024-12-07
260,25,"Male","New York, USA",62335,"Books",6,9.7,8,3.6,5,153.22,2024-08-02
261,52,"Female","Paris, France",75714,"Books",3,23.2,6,2.6,4,75.69,2024-03-25
261,52,"Female","Paris, France",75714,"Grocery",1,5.1,23,4.6,12,42.22,2024-11-12
262,44,"Male","Tokyo, Japan",82251,"Electronics",5,22.7,5,3.6,3,1680.63,2024-04-27
262,44,"Male","Tokyo, Japan",82251,"Grocery",5,18.9,13,3.1,7,92.4,2024-10-02
263,55,"Male","Texas, USA",92187,"Clothing",3,17.5,20,3,11,283.38,2024-07-10
263,55,"Male","Texas, USA",92187,"Sports",4,10.8,11,4.1,6,447.55,2024-08-03
264,48,"Other","Toronto, Canada",72841,"Home & Kitchen",8,15.5,25,2.9,13,1248.36,2024-09-10
265,50,"Male","London, UK",84996,"Electronics",7,18,21,2.8,11,2750.13,2024-03-15
266,60,"Female","California, USA",109331,"Electronics",8,27.7,4,2.8,3,3091.64,2024-09-13
267,28,"Male","Toronto, Canada",58677,"Home & Kitchen",3,1.1,13,3,7,611.63,2024-11-22
267,28,"Male","Toronto, Canada",58677,"Electronics",1,27.8,3,3.8,2,300.47,2024-10-14
268,59,"Male","Toronto, Canada",109077,"Electronics",3,26,19,4.7,10,689.85,2024-03-25
269,29,"Female","Florida, USA",49350,"Books",6,12.4,20,4.9,11,103.98,2024-10-03
270,20,"Male","Texas, USA",42041,"Electronics",5,10.2,8,3.1,5,1374.73,2024-11-02
271,66,"Female","Berlin, Germany",99987,"Beauty",3,27.2,18,4.9,10,107.52,2024-05-18
271,66,"Female","Berlin, Germany",99987,"Clothing",6,6.9,5,3.1,3,596.37,2024-12-25
272,43,"Other","Paris, France",83640,"Books",4,26.4,9,3,5,130.79,2024-02-08
272,43,"Other","Paris, France",83640,"Sports",8,20.3,21,4.4,11,511.42,2024-08-25
273,61,"Other","Berlin, Germany",82651,"Sports",6,25.4,17,3,9,507.17,2024-01-03
274,23,"Other","London, UK",59528,"Beauty",1,29,5,4.2,3,28.78,2024-08-19
274,23,"Other","London, UK",59528,"Home & Kitchen",8,2.7,9,2.8,5,826.98,2024-11-12
275,44,"Male","New York, USA",81204,"Beauty",3,8.9,8,2.8,5,157.46,2024-12-17
276,51,"Female","London, UK",69919,"Clothing",3,2.1,8,4.5,5,178.67,2024-07-26
276,51,"Female","London, UK",69919,"Grocery",5,5.5,22,3.8,12,113.81,2024-07-13
277,68,"Other","New York, USA",122739,"Books",4,17,17,2.6,9,171.65,2024-04-07
277,68,"Other","New York, USA",122739,"Electronics",6,4.1,12,3,7,1792.48,2024-02-20
278,60,"Female","Florida, USA",97479,"Sports",7,7.8,16,3.5,9,781.69,2024-04-21
278,60,"Female","Florida, USA",97479,"Grocery",8,20.3,25,4.2,13,317.18,2024-09-12
279,37,"Female","London, UK",54304,"Beauty",8,13.5,7,3.1,4,426.95,2024-08-11
279,37,"Female","London, UK",54304,"Grocery",3,28.1,22,3.2,12,57.3,2024-08-19
280,53,"Other","Tokyo, Japan",100970,"Home & Kitchen",7,8,18,3.4,10,601.16,2024-08-05
280,53,"Other","Tokyo, Japan",100970,"Grocery",3,18.7,5,3,3,83.59,2024-12-28
281,40,"Other","Toronto, Canada",74889,"Sports",1,25.2,17,4.3,9,86.66,2024-08-05
282,53,"Male","California, USA",79815,"Beauty",8,11.2,1,4.8,1,530.6,2024-07-02
283,30,"Female","Texas, USA",64679,"Beauty",2,12.2,20,3.4,11,119.9,2024-01-23
284,31,"Other","Paris, France",69368,"Clothing",3,29.5,10,4.2,6,105.74,2024-07-20
285,67,"Male","Florida, USA",104511,"Grocery",8,25.9,25,3.1,13,373.92,2024-07-01
286,68,"Male","Berlin, Germany",107332,"Books",3,19.3,8,4.7,5,72.24,2024-02-24
286,68,"Male","Berlin, Germany",107332,"Clothing",7,6.4,3,4.6,2,625.74,2024-09-22
287,31,"Other","Texas, USA",79161,"Beauty",1,26.5,8,4,5,47.27,2024-02-12
288,26,"Male","Tokyo, Japan",66204,"Sports",5,28,16,3.3,9,201.57,2024-04-22
288,26,"Male","Tokyo, Japan",66204,"Electronics",5,9.6,24,2.9,13,2262.45,2024-02-19
289,30,"Male","New York, USA",64314,"Beauty",3,15.6,18,4,10,172.52,2024-07-21
289,30,"Male","New York, USA",64314,"Electronics",4,2.8,14,4.1,8,2221.34,2024-02-18
290,50,"Male","Berlin, Germany",93946,"Electronics",4,11.6,9,2.8,5,1590.07,2024-07-15
290,50,"Male","Berlin, Germany",93946,"Electronics",5,5.7,9,5,5,1113.68,2024-01-24
291,23,"Male","Paris, France",56341,"Sports",1,10.3,8,3.1,5,82.8,2024-09-26
292,19,"Male","Texas, USA",57432,"Electronics",2,12.6,18,3.8,10,889.61,2024-11-25
293,55,"Male","Toronto, Canada",102359,"Electronics",3,10.3,2,3.3,2,789.66,2024-10-23
293,55,"Male","Toronto, Canada",102359,"Electronics",3,0.8,20,3.9,11,1252.44,2024-10-26
294,20,"Female","Paris, France",59687,"Beauty",3,0.5,9,2.7,5,111.24,2024-10-11
294,20,"Female","Paris, France",59687,"Grocery",8,24,11,4.3,6,126.16,2024-01-15
295,39,"Other","Berlin, Germany",69932,"Clothing",2,11.5,7,4.2,4,198.38,2024-01-15
295,39,"Other","Berlin, Germany",69932,"Beauty",6,29,7,4.3,4,225.85,2024-11-24
296,21,"Male","Sydney, Australia",36449,"Books",5,14.3,12,3.5,7,76.7,2024-12-23
297,27,"Female","Texas, USA",56623,"Books",7,4.6,5,3.6,3,162.49,2024-03-05
298,52,"Male","London, UK",90538,"Books",2,25,11,3.9,6,26.1,2024-12-09
298,52,"Male","London, UK",90538,"Sports",5,24,15,2.7,8,373.25,2024-09-24
299,60,"Female","New York, USA",108098,"Grocery",1,27.4,25,4.9,13,47.02,2024-04-26
300,35,"Female","Berlin, Germany",61714,"Home & Kitchen",1,22.9,6,3.4,4,112.44,2024-01-27
301,36,"Female","Tokyo, Japan",54330,"Clothing",2,8.3,20,3.1,11,135.62,2024-12-22
301,36,"Female","Tokyo, Japan",54330,"Home & Kitchen",8,19.9,11,3.8,6,540.83,2024-06-27
302,25,"Other","Florida, USA",72111,"Electronics",5,4.2,15,4.1,8,1949.28,2024-02-07
303,30,"Male","Sydney, Australia",75912,"Clothing",3,27.1,20,3.4,11,98.6,2024-02-22
304,28,"Male","Berlin, Germany",75935,"Sports",2,28.2,25,5,13,126.21,2024-05-27
304,28,"Male","Berlin, Germany",75935,"Electronics",1,24.6,4,3.6,3,249.45,2024-02-15
305,29,"Male","London, UK",62890,"Grocery",7,1,22,2.7,12,159.14,2024-02-20
306,62,"Female","New York, USA",82829,"Clothing",8,2.1,2,2.9,2,363.68,2024-07-17
307,47,"Female","Texas, USA",93551,"Electronics",8,12.9,25,3.4,13,3992.47,2024-04-05
307,47,"Female","Texas, USA",93551,"Beauty",1,21,11,4.9,6,61.1,2024-03-24
308,43,"Other","Texas, USA",80335,"Home & Kitchen",1,6.5,22,3.7,12,94.19,2024-10-17
308,43,"Other","Texas, USA",80335,"Books",7,17,23,3.4,12,102.23,2024-09-14
309,39,"Female","New York, USA",70805,"Beauty",5,16.1,6,3.9,4,188.04,2024-05-12
309,39,"Female","New York, USA",70805,"Sports",3,8.2,6,4.5,4,406.08,2024-03-09
310,24,"Male","California, USA",58914,"Electronics",7,17.9,3,4.2,2,2929.4,2024-07-23
310,24,"Male","California, USA",58914,"Grocery",6,9.4,1,2.9,1,94.5,2024-01-23
311,36,"Male","Sydney, Australia",58143,"Grocery",8,19.1,3,3.7,2,304.27,2024-02-25
311,36,"Male","Sydney, Australia",58143,"Home & Kitchen",3,18.3,5,3.7,3,317.57,2024-10-05
312,33,"Male","Tokyo, Japan",57045,"Beauty",2,6.1,22,3.3,12,89.5,2024-11-19
312,33,"Male","Tokyo, Japan",57045,"Clothing",7,4.4,25,2.8,13,729.2,2024-01-27
313,39,"Female","Berlin, Germany",88920,"Sports",8,13.8,22,4.7,12,514.06,2024-01-12
314,36,"Other","Sydney, Australia",56994,"Grocery",2,11.1,10,3.1,6,97.96,2024-05-16
314,36,"Other","Sydney, Australia",56994,"Beauty",1,16.2,12,2.9,7,31.34,2024-04-15
315,52,"Other","New York, USA",99707,"Books",7,18.4,21,3.8,11,199.83,2024-06-28
316,60,"Female","London, UK",96273,"Grocery",1,19.5,23,3.1,12,40.62,2024-06-25
317,56,"Female","New York, USA",110180,"Sports",6,20.3,17,4.2,9,454.68,2024-04-27
317,56,"Female","New York, USA",110180,"Home & Kitchen",5,8.4,7,4,4,506.18,2024-02-28
318,66,"Other","Texas, USA",113415,"Home & Kitchen",5,16.7,16,4,9,722.05,2024-12-08
319,41,"Male","New York, USA",78429,"Books",4,29.9,15,4.2,8,61.87,2024-11-23
320,33,"Female","Berlin, Germany",59850,"Beauty",7,6.9,2,3.7,2,408.3,2024-09-15
320,33,"Female","Berlin, Germany",59850,"Beauty",3,14.1,16,4.4,9,152.14,2024-08-11
321,54,"Male","Sydney, Australia",97255,"Grocery",7,11.1,18,3.8,10,170.01,2024-06-14
322,28,"Other","California, USA",47377,"Home & Kitchen",4,21.6,5,2.7,3,508.62,2024-02-14
322,28,"Other","California, USA",47377,"Beauty",6,21.5,9,3.5,5,129.85,2024-02-01
323,33,"Male","Tokyo, Japan",75117,"Clothing",2,3.1,12,3.5,7,105.21,2024-01-07
324,46,"Female","Tokyo, Japan",84534,"Clothing",5,26.3,4,4.2,3,178.06,2024-01-03
325,25,"Female","Sydney, Australia",54374,"Books",3,7.2,9,3.9,5,59.81,2024-08-27
326,66,"Female","Toronto, Canada",110198,"Beauty",2,16,4,3.2,3,82.61,2024-06-14
327,24,"Female","Tokyo, Japan",51059,"Sports",3,1.3,9,4.1,5,264.25,2024-04-24
328,50,"Other","Sydney, Australia",71801,"Books",7,1,15,4.7,8,163.24,2024-04-27
329,35,"Female","Berlin, Germany",63581,"Grocery",8,10,8,3.3,5,333.17,2024-06-28
330,22,"Other","California, USA",51980,"Electronics",5,3,22,3,12,1678.56,2024-09-24
330,22,"Other","California, USA",51980,"Beauty",2,25.7,5,4.3,3,115.39,2024-08-01
331,28,"Male","Texas, USA",71150,"Books",7,20.4,11,2.8,6,262.76,2024-05-20
332,58,"Female","Tokyo, Japan",102384,"Books",8,9.7,15,4.9,8,139.82,2024-08-18
333,64,"Male","California, USA",114648,"Electronics",1,1.5,19,4.3,10,240.22,2024-12-09
333,64,"Male","California, USA",114648,"Home & Kitchen",2,26.5,8,3.2,5,187.41,2024-10-17
334,42,"Male","Florida, USA",77713,"Books",2,13,8,4.7,5,25.61,2024-12-17
335,55,"Female","Florida, USA",106310,"Sports",4,21.3,8,3.3,5,404.72,2024-12-03
336,40,"Other","Florida, USA",73709,"Grocery",7,2.9,15,4.8,8,321.06,2024-09-22
337,56,"Female","London, UK",76260,"Electronics",3,0.4,4,4.2,3,788.86,2024-08-04
338,56,"Other","Paris, France",91298,"Clothing",8,23.6,19,4.2,10,654.67,2024-08-08
338,56,"Other","Paris, France",91298,"Clothing",3,2.1,8,4.7,5,237.88,2024-06-03
339,58,"Other","London, UK",105949,"Home & Kitchen",4,19,22,3.4,12,423.65,2024-09-04
339,58,"Other","London, UK",105949,"Electronics",8,5,25,4.8,13,2250.48,2024-09-23
340,51,"Female","London, UK",85270,"Electronics",5,0.8,13,3.2,7,1238.34,2024-11-21
341,45,"Other","Texas, USA",81262,"Grocery",5,21,10,4.2,6,105.94,2024-02-23
342,55,"Female","London, UK",101156,"Home & Kitchen",7,8.9,8,3.9,5,1278.06,2024-12-18
342,55,"Female","London, UK",101156,"Books",7,18.1,9,3.5,5,218.86,2024-04-16
343,21,"Male","Texas, USA",57661,"Sports",2,26.6,7,4.9,4,82.87,2024-11-21
344,61,"Female","California, USA",95650,"Electronics",2,25.5,9,5,5,549.59,2024-03-17
344,61,"Female","California, USA",95650,"Sports",8,22.9,15,3.7,8,831.86,2024-08-18
345,34,"Other","New York, USA",74595,"Clothing",8,5.3,11,4.9,6,641.87,2024-02-24
346,26,"Male","London, UK",42005,"Clothing",5,0.7,14,2.8,8,198.03,2024-02-27
346,26,"Male","London, UK",42005,"Electronics",2,11.2,24,4.5,13,667.48,2024-09-02
347,60,"Other","Berlin, Germany",107476,"Electronics",2,9,7,2.9,4,852.54,2024-11-26
348,67,"Other","Florida, USA",103258,"Clothing",4,27.3,14,3.7,8,221.31,2024-07-22
349,40,"Other","Berlin, Germany",86657,"Sports",1,5.2,8,3.5,5,119.16,2024-08-01
349,40,"Other","Berlin, Germany",86657,"Electronics",3,25.4,13,4.8,7,805.86,2024-05-10
350,23,"Male","Florida, USA",50017,"Books",2,9.2,7,3.3,4,63.79,2024-02-10
351,20,"Female","Texas, USA",43513,"Clothing",4,29.6,20,2.7,11,209.56,2024-07-04
351,20,"Female","Texas, USA",43513,"Grocery",7,24.9,3,4.2,2,94.63,2024-10-02
352,33,"Female","Paris, France",54648,"Books",5,9.3,1,3.3,1,79.81,2024-04-21
353,35,"Female","New York, USA",65965,"Beauty",5,0.5,23,4.5,12,231.44,2024-02-26
353,35,"Female","New York, USA",65965,"Beauty",6,8.6,15,4.4,8,236.56,2024-08-26
354,43,"Other","Tokyo, Japan",86811,"Grocery",1,24.4,22,4.7,12,36.14,2024-09-16
354,43,"Other","Tokyo, Japan",86811,"Electronics",4,6.1,20,3.8,11,1962.49,2024-08-21
355,35,"Other","Texas, USA",59678,"Sports",6,14.4,17,4.4,9,743.39,2024-06-05
356,48,"Male","Berlin, Germany",74773,"Grocery",4,26.8,22,3.3,12,53.34,2024-10-06
357,42,"Other","London, UK",90937,"Clothing",6,21.3,17,4.6,9,324.11,2024-06-11
358,60,"Other","Toronto, Canada",99814,"Electronics",5,7.8,2,4.9,2,1775.6,2024-08-17
358,60,"Other","Toronto, Canada",99814,"Clothing",8,1.8,10,3.6,6,585.32,2024-03-17
359,60,"Female","Paris, France",81627,"Grocery",8,21.5,1,4.1,1,201.39,2024-04-04
360,61,"Female","London, UK",92053,"Grocery",3,22,9,3.3,5,50.92,2024-01-21
361,60,"Other","Texas, USA",96713,"Grocery",2,22.1,11,3.6,6,55.41,2024-10-25
361,60,"Other","Texas, USA",96713,"Home & Kitchen",7,23.8,4,4.6,3,874.58,2024-05-27
362,52,"Female","California, USA",71382,"Beauty",6,3,11,3.5,6,352.27,2024-05-26
363,64,"Other","Toronto, Canada",97933,"Electronics",5,5.7,8,4.5,5,1680.54,2024-10-17
363,64,"Other","Toronto, Canada",97933,"Electronics",8,20.9,13,2.7,7,2978.75,2024-06-08
364,48,"Female","Paris, France",73946,"Sports",4,7.9,20,4.2,11,388.62,2024-12-02
365,56,"Male","Paris, France",97773,"Home & Kitchen",5,23.3,4,3.1,3,612.77,2024-07-15
366,36,"Male","London, UK",66276,"Grocery",3,5,17,3.4,9,57.52,2024-11-23
367,53,"Other","Florida, USA",104239,"Books",4,26.4,20,4.1,11,53.95,2024-11-03
368,34,"Male","Texas, USA",81373,"Clothing",3,23.4,4,2.9,3,245.96,2024-12-23
369,68,"Other","Texas, USA",115486,"Home & Kitchen",3,15.7,3,2.8,2,561.92,2024-09-16
370,60,"Male","Toronto, Canada",108942,"Home & Kitchen",6,8,16,3.3,9,512.98,2024-07-09
370,60,"Male","Toronto, Canada",108942,"Grocery",3,28.7,24,2.5,13,126.32,2024-04-14
371,31,"Female","Sydney, Australia",45932,"Electronics",7,11.1,2,4,2,2776.23,2024-10-05
371,31,"Female","Sydney, Australia",45932,"Books",3,16.9,22,4.2,12,91.24,2024-07-25
372,50,"Female","Toronto, Canada",91732,"Clothing",7,21.3,1,3.7,1,508.29,2024-06-08
373,57,"Other","London, UK",101309,"Books",1,1.6,25,4.1,13,24.64,2024-03-26
373,57,"Other","London, UK",101309,"Home & Kitchen",4,6.8,3,4.3,2,794.77,2024-11-15
374,30,"Other","Berlin, Germany",77345,"Books",2,13.5,2,3.3,2,65.52,2024-02-07
374,30,"Other","Berlin, Germany",77345,"Home & Kitchen",1,0.5,8,3.4,5,202.98,2024-06-11
375,63,"Male","London, UK",94600,"Electronics",4,14.8,5,3.9,3,1636.04,2024-10-06
376,46,"Female","California, USA",86481,"Clothing",7,5.2,14,4.5,8,754.68,2024-01-05
377,43,"Other","California, USA",76723,"Grocery",3,21.2,17,3.6,9,93.37,2024-03-21
378,46,"Female","Tokyo, Japan",65026,"Beauty",7,21.9,24,3.3,13,319.16,2024-11-17
379,27,"Male","New York, USA",59724,"Electronics",7,8.2,9,4.7,5,1711.99,2024-04-04
380,23,"Female","London, UK",44807,"Electronics",7,22.9,14,3.2,8,2849.5,2024-03-27
381,64,"Female","Texas, USA",96389,"Beauty",8,2,10,4.7,6,682.15,2024-03-06
381,64,"Female","Texas, USA",96389,"Clothing",5,0.1,20,2.7,11,251.29,2024-09-22
382,42,"Male","New York, USA",62875,"Sports",5,18.2,8,4.3,5,230.16,2024-04-21
382,42,"Male","New York, USA",62875,"Beauty",6,11.8,9,3.5,5,257.37,2024-11-26
383,29,"Male","Berlin, Germany",64628,"Home & Kitchen",7,11.3,25,3.8,13,1287.13,2024-12-16
383,29,"Male","Berlin, Germany",64628,"Beauty",5,29.3,1,2.8,1,160.29,2024-01-18
384,65,"Female","London, UK",89302,"Sports",3,20.1,7,3.7,4,280.95,2024-02-08
384,65,"Female","London, UK",89302,"Beauty",2,3.1,4,4.4,3,86.74,2024-03-06
385,42,"Other","New York, USA",87488,"Sports",5,1.1,8,4.6,5,275.32,2024-02-20
386,54,"Other","Sydney, Australia",81069,"Grocery",5,24,3,4.9,2,171.81,2024-03-13
386,54,"Other","Sydney, Australia",81069,"Sports",4,24,5,3.6,3,339.33,2024-09-27
387,34,"Female","New York, USA",65024,"Clothing",4,23.1,13,3.3,7,261.01,2024-06-19
387,34,"Female","New York, USA",65024,"Sports",4,2.6,15,4.7,8,519.5,2024-12-12
388,46,"Male","California, USA",89754,"Home & Kitchen",5,1.6,4,3.7,3,406.52,2024-03-21
388,46,"Male","California, USA",89754,"Sports",8,7.9,12,3.1,7,1084.86,2024-01-24
389,53,"Other","Florida, USA",82727,"Home & Kitchen",6,20.5,25,2.8,13,511.32,2024-01-03
389,53,"Other","Florida, USA",82727,"Grocery",2,13.4,10,3.9,6,83.94,2024-06-28
390,65,"Male","Florida, USA",87638,"Electronics",2,0.5,3,4.2,2,1195.54,2024-04-18
391,43,"Male","Toronto, Canada",70350,"Clothing",4,3.1,9,2.6,5,271.65,2024-11-10
392,58,"Other","Sydney, Australia",90999,"Sports",7,4.7,10,3.2,6,708.86,2024-10-27
393,18,"Male","Paris, France",58056,"Sports",2,6.1,5,4.2,3,167.75,2024-08-22
394,35,"Male","Berlin, Germany",56333,"Books",7,14.7,11,4.9,6,168.2,2024-08-16
395,61,"Male","Florida, USA",96463,"Sports",8,14.7,21,3.2,11,919.85,2024-08-07
396,65,"Male","Berlin, Germany",101078,"Home & Kitchen",3,1.9,7,3.9,4,553.95,2024-01-10
397,43,"Other","Tokyo, Japan",78969,"Books",2,11.2,18,3.3,10,85.77,2024-07-10
397,43,"Other","Tokyo, Japan",78969,"Beauty",6,26,6,4.3,4,184.11,2024-04-05
398,26,"Male","Tokyo, Japan",50381,"Beauty",4,16.3,19,4,10,111.34,2024-06-17
398,26,"Male","Tokyo, Japan",50381,"Grocery",6,10.1,5,2.7,3,275.47,2024-04-12
399,20,"Female","Texas, USA",55434,"Grocery",4,5,10,3.7,6,91.89,2024-05-14
400,20,"Male","Tokyo, Japan",57702,"Electronics",1,14.1,17,2.7,9,208.02,2024-02-06
400,20,"Male","Tokyo, Japan",57702,"Sports",6,28.2,11,3.8,6,280.41,2024-10-19
401,33,"Other","Sydney, Australia",69271,"Home & Kitchen",6,2.4,6,3.2,4,1161.09,2024-12-16
402,38,"Male","Toronto, Canada",56673,"Electronics",1,21.8,25,2.9,13,197.14,2024-11-03
402,38,"Male","Toronto, Canada",56673,"Clothing",8,0.7,16,3.3,9,729.52,2024-11-06
403,22,"Male","Paris, France",66058,"Electronics",6,28.5,25,4.6,13,1055.83,2024-08-27
404,61,"Other","Sydney, Australia",87148,"Sports",3,26,8,4.1,5,335.87,2024-05-23
404,61,"Other","Sydney, Australia",87148,"Home & Kitchen",8,24,15,4.2,8,1060.44,2024-05-19
405,27,"Other","Tokyo, Japan",53608,"Grocery",1,10.7,3,3.6,2,27.51,2024-10-02
406,38,"Other","Sydney, Australia",60502,"Sports",5,28.9,19,4.6,10,310.79,2024-03-13
406,38,"Other","Sydney, Australia",60502,"Electronics",5,12,22,3.7,12,955.58,2024-11-28
407,18,"Other","California, USA",58247,"Beauty",1,22.1,6,2.7,4,65.02,2024-01-07
407,18,"Other","California, USA",58247,"Beauty",4,21.7,16,3.9,9,238.69,2024-05-20
408,54,"Male","Berlin, Germany",83471,"Home & Kitchen",8,18,3,2.8,2,1082.19,2024-12-23
409,27,"Other","Toronto, Canada",54691,"Books",5,13.7,2,3.7,2,187.5,2024-12-18
410,53,"Other","London, UK",85890,"Electronics",8,20.3,1,4.1,1,2706.25,2024-04-15
411,57,"Male","Texas, USA",106788,"Electronics",4,0.8,13,4.6,7,1324.21,2024-03-12
412,31,"Other","Toronto, Canada",68298,"Sports",1,26.3,1,3.4,1,96.57,2024-08-17
412,31,"Other","Toronto, Canada",68298,"Sports",1,2,24,3.1,13,78.88,2024-06-05
413,67,"Male","Florida, USA",112760,"Clothing",8,25.9,14,3.9,8,325.11,2024-08-17
413,67,"Male","Florida, USA",112760,"Electronics",8,3.1,1,2.6,1,2565.59,2024-09-21
414,47,"Male","London, UK",86108,"Electronics",6,21.5,2,3.2,2,1066.26,2024-12-16
414,47,"Male","London, UK",86108,"Sports",3,11,20,4.1,11,370.52,2024-11-10
415,48,"Male","London, UK",67325,"Sports",7,19.9,21,3.8,11,791.27,2024-08-24
415,48,"Male","London, UK",67325,"Electronics",7,12.6,23,3.1,12,3034.89,2024-10-09
416,64,"Male","Florida, USA",111320,"Electronics",6,15.6,12,3.7,7,3146.48,2024-12-12
417,21,"Other","Paris, France",42073,"Clothing",4,22.5,6,4.9,4,206.85,2024-09-27
417,21,"Other","Paris, France",42073,"Electronics",2,24.7,12,4.8,7,692.27,2024-08-16
418,48,"Female","New York, USA",86195,"Grocery",2,26.4,21,3.7,11,87.5,2024-09-09
419,18,"Other","Sydney, Australia",61882,"Grocery",1,3.6,2,4.9,2,40.63,2024-11-13
420,38,"Male","Tokyo, Japan",85423,"Home & Kitchen",8,14,8,3.8,5,768.83,2024-08-21
421,44,"Male","Paris, France",63714,"Books",4,16.7,10,2.9,6,153.86,2024-04-07
421,44,"Male","Paris, France",63714,"Beauty",3,25.1,19,3.9,10,182.01,2024-08-13
422,21,"Female","California, USA",34984,"Books",7,17.8,14,4.7,8,188.33,2024-01-02
423,25,"Female","New York, USA",41950,"Electronics",7,12.1,19,4.6,10,3489.82,2024-09-03
423,25,"Female","New York, USA",41950,"Clothing",5,25.8,23,2.9,12,385,2024-10-21
424,68,"Other","Tokyo, Japan",110373,"Books",6,27.1,3,4.1,2,199.03,2024-05-15
425,42,"Other","Paris, France",74818,"Electronics",4,28.4,2,4.2,2,1546.34,2024-06-10
425,42,"Other","Paris, France",74818,"Sports",2,10.5,19,4.9,10,160.48,2024-06-20
426,33,"Male","Florida, USA",69412,"Sports",7,16.3,12,4.4,7,559.99,2024-05-12
427,22,"Male","Texas, USA",35200,"Beauty",1,29.9,1,3.1,1,36.74,2024-08-18
428,21,"Male","London, UK",53539,"Sports",4,26.4,14,3.2,8,361.36,2024-04-27
429,56,"Other","Florida, USA",97823,"Beauty",4,25.2,3,3.5,2,154.79,2024-12-10
429,56,"Other","Florida, USA",97823,"Electronics",3,1.4,11,4.6,6,1239.09,2024-07-22
430,30,"Female","Toronto, Canada",51842,"Home & Kitchen",1,29.4,13,4.8,7,120.07,2024-02-22
431,42,"Other","Texas, USA",64623,"Home & Kitchen",7,29.7,17,3.3,9,601.36,2024-01-03
431,42,"Other","Texas, USA",64623,"Books",2,18,11,4,6,57.49,2024-12-08
432,59,"Other","Sydney, Australia",103732,"Sports",6,6.7,19,3.8,10,605.93,2024-10-11
432,59,"Other","Sydney, Australia",103732,"Grocery",1,13.4,10,2.9,6,21.96,2024-12-10
433,35,"Male","Sydney, Australia",51223,"Sports",2,0.5,20,4.8,11,248.44,2024-11-04
434,25,"Male","Paris, France",50026,"Grocery",4,24,6,4.5,4,85.23,2024-05-01
435,66,"Other","Berlin, Germany",109767,"Clothing",8,1.3,9,3.1,5,339.43,2024-07-13
436,56,"Female","Toronto, Canada",109979,"Clothing",2,8.9,14,3.9,8,182.96,2024-08-17
436,56,"Female","Toronto, Canada",109979,"Electronics",7,19.9,4,3.9,3,3525.82,2024-11-28
437,50,"Male","Sydney, Australia",89707,"Clothing",3,16.4,5,3.3,3,279.46,2024-06-18
437,50,"Male","Sydney, Australia",89707,"Beauty",6,13,24,2.7,13,384.42,2024-01-01
438,60,"Other","Tokyo, Japan",85497,"Grocery",7,14.4,1,3.5,1,347.43,2024-02-11
438,60,"Other","Tokyo, Japan",85497,"Grocery",3,18.5,15,2.6,8,47.88,2024-03-25
439,55,"Other","London, UK",93550,"Clothing",6,9.8,20,3.5,11,433.78,2024-01-17
439,55,"Other","London, UK",93550,"Grocery",4,10.2,5,3.7,3,133.55,2024-11-17
440,21,"Other","Texas, USA",67959,"Clothing",1,1.3,5,3.1,3,98.06,2024-03-28
440,21,"Other","Texas, USA",67959,"Beauty",6,12.5,11,4.3,6,303.1,2024-07-06
441,40,"Other","Florida, USA",82641,"Beauty",6,2.3,4,4.9,3,201.02,2024-12-19
441,40,"Other","Florida, USA",82641,"Beauty",4,3.2,13,3,7,245.5,2024-02-15
442,47,"Female","Texas, USA",74980,"Grocery",5,23.6,20,3,11,193.66,2024-12-25
443,63,"Female","Tokyo, Japan",117627,"Home & Kitchen",3,23.2,3,4.9,2,475.49,2024-07-02
443,63,"Female","Tokyo, Japan",117627,"Electronics",8,21.9,1,2.9,1,3715.58,2024-11-28
444,22,"Male","Paris, France",59761,"Electronics",3,25.7,10,4.3,6,818.3,2024-05-06
444,22,"Male","Paris, France",59761,"Sports",5,6.1,3,3.6,2,237.54,2024-03-06
445,43,"Female","Toronto, Canada",69618,"Books",1,11.8,19,2.6,10,23.34,2024-08-15
445,43,"Female","Toronto, Canada",69618,"Electronics",3,20.5,12,3.2,7,1331.74,2024-04-04
446,24,"Female","California, USA",53105,"Beauty",7,11.4,1,4.9,1,353.08,2024-03-09
447,63,"Female","London, UK",88804,"Home & Kitchen",4,13.6,16,3.2,9,773.23,2024-02-10
447,63,"Female","London, UK",88804,"Beauty",8,7.7,20,3.9,11,438.66,2024-07-16
448,41,"Male","London, UK",66682,"Books",8,24,24,4.2,13,213.93,2024-02-28
449,47,"Male","Paris, France",88581,"Electronics",5,22.7,3,3.2,2,1436.78,2024-03-15
449,47,"Male","Paris, France",88581,"Sports",7,3.8,16,4.8,9,653.8,2024-01-13
450,43,"Female","London, UK",94216,"Home & Kitchen",4,5.1,25,2.6,13,563.02,2024-07-02
450,43,"Female","London, UK",94216,"Sports",8,12.9,20,3.3,11,606.29,2024-12-22
451,30,"Other","Sydney, Australia",63741,"Home & Kitchen",7,18.7,6,2.6,4,1076.73,2024-11-13
452,36,"Other","Tokyo, Japan",73251,"Electronics",4,1.6,3,4.6,2,1464.14,2024-02-05
453,56,"Female","Tokyo, Japan",108762,"Home & Kitchen",7,14,23,3.4,12,1232.83,2024-04-23
454,51,"Female","New York, USA",85674,"Sports",5,25.9,13,4.8,7,290.17,2024-10-08
454,51,"Female","New York, USA",85674,"Beauty",1,9.3,23,4,12,43.94,2024-01-07
455,63,"Male","London, UK",117641,"Beauty",8,13.5,7,2.9,4,364.67,2024-08-09
456,19,"Male","Sydney, Australia",42880,"Beauty",1,19.9,16,4.6,9,33,2024-03-22
456,19,"Male","Sydney, Australia",42880,"Home & Kitchen",5,15.5,14,3.2,8,665.23,2024-04-26
457,23,"Other","California, USA",57842,"Beauty",4,22.2,12,2.7,7,218.8,2024-09-25
458,18,"Other","Florida, USA",37251,"Clothing",4,18.8,5,4.1,3,328.03,2024-02-01
459,27,"Female","New York, USA",46085,"Electronics",5,0.9,6,3.7,4,988.05,2024-03-17
460,46,"Male","Sydney, Australia",87052,"Beauty",4,9,5,3.7,3,290.2,2024-04-13
460,46,"Male","Sydney, Australia",87052,"Electronics",1,28.2,23,4.6,12,426.43,2024-01-09
461,43,"Male","California, USA",72298,"Books",1,10.1,7,2.8,4,38.07,2024-05-17
462,57,"Female","Berlin, Germany",97611,"Home & Kitchen",6,28.9,6,3.2,4,893.19,2024-01-05
462,57,"Female","Berlin, Germany",97611,"Books",8,10.5,15,3,8,283.5,2024-07-24
463,60,"Male","Berlin, Germany",84134,"Sports",6,2.8,13,4.7,7,689.11,2024-05-14
464,55,"Other","Berlin, Germany",102294,"Sports",6,6.6,7,2.9,4,412.73,2024-01-25
465,18,"Other","Sydney, Australia",53492,"Sports",4,2,7,2.8,4,474.56,2024-10-14
465,18,"Other","Sydney, Australia",53492,"Home & Kitchen",7,23.7,25,4.6,13,991.57,2024-05-22
466,32,"Female","California, USA",79230,"Sports",6,25.7,5,3.6,3,333.46,2024-02-03
467,45,"Female","Sydney, Australia",91765,"Home & Kitchen",8,27.3,13,4.2,7,713.75,2024-04-25
468,31,"Other","Tokyo, Japan",77112,"Books",6,20.5,13,4.5,7,180.19,2024-05-10
468,31,"Other","Tokyo, Japan",77112,"Electronics",8,1.8,2,3.7,2,4315.96,2024-12-22
469,23,"Female","Texas, USA",38092,"Books",5,25,8,4.3,5,51.97,2024-08-23
470,63,"Other","Tokyo, Japan",89564,"Books",7,7.4,24,4,13,140.35,2024-07-13
471,27,"Other","Florida, USA",48969,"Grocery",2,23.6,9,3.3,5,41.83,2024-01-04
472,31,"Female","Berlin, Germany",68373,"Grocery",8,13.5,10,2.7,6,305.31,2024-07-18
472,31,"Female","Berlin, Germany",68373,"Beauty",2,13,6,3.7,4,72.28,2024-10-21
473,30,"Female","London, UK",76649,"Books",7,10.5,11,3.3,6,127.37,2024-06-15
474,61,"Male","Sydney, Australia",82751,"Books",8,12.5,21,4.7,11,145.43,2024-07-23
475,63,"Other","Florida, USA",111634,"Clothing",3,19.9,25,4,13,161.35,2024-04-19
475,63,"Other","Florida, USA",111634,"Electronics",3,16,7,4.2,4,719.22,2024-10-16
476,48,"Female","London, UK",89629,"Grocery",1,23.8,13,3.8,7,36.31,2024-06-14
477,40,"Male","Toronto, Canada",62933,"Sports",7,0.2,25,3.7,13,924.82,2024-02-20
478,54,"Female","Texas, USA",100400,"Clothing",3,28.9,4,3.8,3,130.23,2024-09-05
478,54,"Female","Texas, USA",100400,"Beauty",5,2.7,11,2.9,6,237.46,2024-06-10
479,24,"Male","Tokyo, Japan",62223,"Clothing",5,25.2,4,4,3,208.27,2024-01-13
479,24,"Male","Tokyo, Japan",62223,"Clothing",5,8.9,3,2.7,2,283.04,2024-05-10
480,57,"Female","Florida, USA",78988,"Home & Kitchen",4,6.9,13,2.6,7,526.33,2024-12-23
480,57,"Female","Florida, USA",78988,"Home & Kitchen",6,11.2,6,3.6,4,1084.16,2024-10-01
481,52,"Other","New York, USA",75579,"Clothing",3,6.3,2,3.7,2,251.3,2024-11-28
481,52,"Other","New York, USA",75579,"Beauty",4,3.6,8,3,5,149.64,2024-08-22
482,32,"Female","Sydney, Australia",69476,"Sports",1,2.1,2,4.2,2,58.01,2024-02-17
482,32,"Female","Sydney, Australia",69476,"Clothing",5,23.3,23,4.5,12,213.58,2024-12-08
483,19,"Other","California, USA",57076,"Home & Kitchen",2,8.7,23,2.7,12,207.67,2024-10-10
484,65,"Male","Toronto, Canada",102854,"Beauty",1,6.1,21,3,11,67.74,2024-09-21
484,65,"Male","Toronto, Canada",102854,"Beauty",6,22.6,10,3.3,6,164.64,2024-08-22
485,25,"Other","Berlin, Germany",41137,"Grocery",3,19.8,11,4.2,6,67.49,2024-03-13
485,25,"Other","Berlin, Germany",41137,"Beauty",8,22.8,10,2.5,6,249.62,2024-12-17
486,42,"Other","Sydney, Australia",79890,"Grocery",8,22.4,2,4.9,2,281.24,2024-11-19
487,21,"Female","New York, USA",60232,"Grocery",7,0.6,17,4.9,9,122.2,2024-04-10
487,21,"Female","New York, USA",60232,"Sports",5,23.3,19,3.4,10,418.9,2024-10-15
488,18,"Other","New York, USA",34328,"Books",5,18.4,22,2.8,12,86.71,2024-09-16
489,66,"Other","Berlin, Germany",103777,"Beauty",1,9.8,7,3.2,4,45.77,2024-06-03
489,66,"Other","Berlin, Germany",103777,"Sports",5,27.9,24,2.6,13,529.23,2024-11-10
490,56,"Male","Florida, USA",91471,"Electronics",6,4.7,5,3.2,3,1236.79,2024-09-24
490,56,"Male","Florida, USA",91471,"Home & Kitchen",7,18.5,15,3.1,8,734.13,2024-11-05
491,43,"Female","London, UK",79273,"Beauty",4,26.1,21,3.2,11,171.19,2024-03-21
492,64,"Other","Texas, USA",115283,"Beauty",3,9.1,9,3.5,5,251.33,2024-09-17
493,21,"Male","Berlin, Germany",44123,"Clothing",4,18.2,24,2.8,13,279.93,2024-03-13
494,22,"Male","California, USA",35545,"Grocery",7,5.8,4,3.5,3,347.61,2024-03-08
495,59,"Other","Sydney, Australia",79391,"Sports",1,4.6,9,4.9,5,124.9,2024-07-27
495,59,"Other","Sydney, Australia",79391,"Books",7,13.1,11,2.7,6,234.85,2024-04-10
496,18,"Female","Florida, USA",63282,"Grocery",3,13.1,23,3.2,12,148.89,2024-06-17
497,53,"Other","Berlin, Germany",104312,"Books",7,21.8,12,3,7,197.21,2024-08-13
498,26,"Other","California, USA",45322,"Home & Kitchen",3,5.3,17,3.8,9,227.34,2024-01-08
498,26,"Other","California, USA",45322,"Books",5,2.9,10,3.3,6,72.36,2024-02-09
499,32,"Male","Berlin, Germany",66378,"Home & Kitchen",6,5.1,1,3.7,1,1197.68,2024-02-05
499,32,"Male","Berlin, Germany",66378,"Grocery",2,4.8,19,2.6,10,98.29,2024-09-17
500,59,"Female","Texas, USA",101614,"Books",3,17.9,25,3,13,113.65,2024-09-10
500,59,"Female","Texas, USA",101614,"Clothing",7,27.9,14,4.5,8,246.77,2024-03-26